MV001,جوانی | Youth (2015)
MV002,بلید رانر ۲۰۴۹ | Blade Runner 2049 (2017)
MV003,جاده مالهالند | Mulholland Drive (2001)
MV004,نمایش ترومن | The Truman Show (1998)
MV005,خدمتکاران | The Help (2011)
MV006,صحبت زنان | Women Talking (2022)
MV007,بهترین شخص | The Beautiful Person (2008)
MV009,ولنتاین غمگین | Blue Valentine (2010)
MV010,جایی آن سوی درختان کاج | The Place Beyond the Pines (2012)
MV011,اوندین | Undine (2020)
MV012,فقط عاشقان زنده ماندند | Only Lovers Left Alive (2013)
MV013,اشباح گویا | Goya's Ghosts (2006)
MV014,نگهبانان | Watchmen (2009)
MV015,داگویل | Dogville (2003)
MV016,شکل آب | The Shape of Water (2017)
MV017,هزارتوی پن | Pan's Labyrinth (2006)
MV018,سه‌شنبه‌ها با موری | Tuesdays with Morrie (1999)
MV019,بعدازظهر سگی | Dog Day Afternoon (1975)
MV020,سوناتین | Sonatine (1993)
MV021,اتاق | Room (2015)
MV022,تقدیر | Predestination (2014)
MV023,توت فرنگی‌های وحشی | Wild Strawberries (1957)
MV024,نسیمی | Nasimi (1973)
MV025,پنجه غم | The Window of Sorrow (1986)
MV026,۲۰۷۳ | 2073 (2024)
MV027,او | Her (2013)
MV028,رفقای بد ۲ | The Bad Guys 2 (2025)
MV029,وحشیانه | Brutal (2017)
MV030,زوال توکیو | Tokyo Decadence (1992)
MV031,ثمرات شور | Fruits of Passion (1981)
MV032,گزارش یک جشن و مهمانانش | The Party and the Guests (1966)
MV033,پسران وحشی | The Wild Boys (2017)
MV034,زندگی برایان | Life of Brian (1979)
MV035,مانتی پایتون و جام مقدس | Monty Python and the Holy Grail (1975)
MV036,سلاح‌ها | Arms (2025)
MV037,کنیز | The Handmaiden (2016)
MV038,دکامرون | The Decameron (1971)
MV039,حکایت‌های کنتربری | The Canterbury Tales (1972)
MV040,پاک‌کن | Eraserhead (1977)
MV041,عود سروان کورلی | Captain Corelli's Mandolin (2001)
MV042,هفت | Se7en (1995)
MV043,آقای اسمیت به واشنگتن می‌رود | Mr. Smith Goes to Washington (1939)
MV044,پیانیست | The Pianist (2002)
MV045,تانگوی شیطان | Sátántangó (1994)
MV046,اسب تورین | The Turin Horse (2011)
MV047,اولدبوی | Oldboy (2003)
MV048,حس ششم | The Sixth Sense (1999)
MV049,بازی | The Game (1997)
MV050,مه | The Mist (2007)
MV051,ویل هانتینگ نابغه | Good Will Hunting (1997)
MV052,همدردی با آقای انتقام | Sympathy for Mr. Vengeance (2002)
MV053,آواز عروسی | Wedding Song (2008)
MV054,حمام شیطان | The Devil's Bath (2024)
MV055,باشگاه مبارزه | Fight Club (1999)
MV056,مهر هفتم | The Seventh Seal